"key","english","translation","notes"
"common.goBack","Go back","",""
"common.close","Close","",""
"common.retry","Retry","",""
"common.tryAgain","Try Again","",""
"common.dismiss","Dismiss","",""
"common.save","Save","",""
"common.saving","Saving…","",""
"common.cancel","Cancel","",""
"common.continue","Continue","",""
"common.loading","Loading…","",""
"common.ok","OK","",""
"common.done","Done","",""
"common.delete","Delete","",""
"common.edit","Edit","",""
"common.seeAll","See all","",""
"common.next","Next","",""
"common.points","pts","",""
"common.appName","MyFace AI","",""
"common.dismissError","Dismiss error","",""
"common.copied","Copied","",""
"common.copiedToClipboard","Copied to clipboard","",""
"common.copyFailed","Could not copy","",""
"common.tryAgainPlease","Please try again.","",""
"common.checkConnection","Please check your connection and try again.","",""
"common.somethingWrong","Something went wrong. Please try again.","",""
"common.loadDataFailed","Could not load data.","",""
"common.saveFailed","Could not save","",""
"common.saveChoiceFailed","Could not save your choice","",""
"common.before","Before","",""
"common.after","After","",""
"language.title","Language","",""
"language.subtitle","Choose the language for MyFace AI. Your choice is saved on this device.","",""
"language.script","{{script}} script","","Keep {{…}} placeholders unchanged"
"language.inProgress","Translation in progress · {{percent}}% done","","Keep {{…}} placeholders unchanged"
"language.fallbackNote","Where a translation isn't ready yet, that text is shown in English. Translations are added only after a native speaker has checked them.","",""
"language.change","Change language","",""
"tabs.home","Home","",""
"tabs.routine","Routine","",""
"tabs.allTools","All Tools","",""
"tabs.socials","Socials","",""
"tabs.earn","Earn","",""
"settings.title","Settings","",""
"settings.editProfile","Edit Profile","",""
"settings.nameLabel","NAME","",""
"settings.namePlaceholder","Your name","",""
"settings.name","Name","",""
"settings.saveProfile","Save profile","",""
"settings.updateFailed","Could not update your profile","",""
"settings.accountSection","ACCOUNT & PRIVACY","",""
"settings.accountDetails","Account Details","",""
"settings.memberSince","Member since {{date}}","","Keep {{…}} placeholders unchanged"
"settings.privacySettings","Privacy Settings","",""
"settings.teenageMode","Teenage Mode","",""
"settings.on","ON","",""
"settings.off","OFF","",""
"settings.remindersSection","ROUTINE REMINDERS","",""
"settings.editAll","Edit All","",""
"settings.editAllReminders","Edit all reminders","",""
"settings.morningRoutine","Morning Routine","",""
"settings.nightRoutine","Night Routine","",""
"settings.integrationsSection","INTEGRATIONS","",""
"settings.notifications","Notifications","",""
"settings.systemSection","SYSTEM","",""
"settings.language","Language","",""
"settings.dataStorage","Data & Storage","",""
"settings.terms","Terms of Service","",""
"settings.signOut","Sign Out","",""
"settings.version","MYFACE AI VERSION {{version}}","","Keep {{…}} placeholders unchanged"
"onboarding.stepOf","Step {{step}} of {{total}}","","Keep {{…}} placeholders unchanged"
"onboarding.stepUpper","STEP {{step}} OF {{total}}","","Keep {{…}} placeholders unchanged"
"onboarding.stepShort","Step {{step}}","","Keep {{…}} placeholders unchanged"
"onboarding.skipFailed","Could not skip onboarding","",""
"onboarding.tryAgainLater","Please try again.","",""
"onboarding.welcome.title","Welcome to MyFace AI","",""
"onboarding.welcome.subtitle","Your personal AI face coach for skin, hair, and makeup.","",""
"onboarding.welcome.serumsAlt","Skincare serums","",""
"onboarding.welcome.getStarted","Get Started","",""
"onboarding.profile.title","Create Your Profile","",""
"onboarding.profile.heroAlt","Glowing skin illustration","",""
"onboarding.profile.nameLabel","Name","",""
"onboarding.profile.namePlaceholder","Enter your full name","",""
"onboarding.profile.emailLabel","Email","",""
"onboarding.profile.emailPlaceholder","example@email.com","",""
"onboarding.profile.passwordLabel","Password","",""
"onboarding.profile.passwordPlaceholder","Create a secure password","",""
"onboarding.profile.referralLabel","Referral code (optional)","",""
"onboarding.profile.referralPlaceholder","Friend's code, e.g. 3F2A9C1E","",""
"onboarding.profile.haveReferral","Have a referral code?","",""
"onboarding.profile.startDictation","Say your name","",""
"onboarding.profile.stopDictation","Stop dictation","",""
"onboarding.profile.dictationFailed","Could not hear you — please type your name instead.","",""
"onboarding.profile.showPassword","Show password","",""
"onboarding.profile.hidePassword","Hide password","",""
"onboarding.profile.errNameRequired","Please enter your name.","",""
"onboarding.profile.errNameTooLong","Name must be {{max}} characters or less.","","Keep {{…}} placeholders unchanged"
"onboarding.profile.errEmailRequired","Please enter your email.","",""
"onboarding.profile.errEmailInvalid","Please enter a valid email address.","",""
"onboarding.profile.errPasswordRequired","Please create a password.","",""
"onboarding.profile.errPasswordShort","Password must be at least 6 characters.","",""
"onboarding.profile.saveFailed","Unable to save your profile. Please try again.","",""
"onboarding.profile.signInA11y","Sign in to an existing account","",""
"onboarding.profile.haveAccount","Already have an account? <b>Sign In</b>","",""
"onboarding.profile.agreeTerms","By signing up, you agree to our <link>Terms</link>.","",""
"onboarding.profile.readTerms","Read the Terms of Service","",""
"onboarding.voice.title","Choose Your Coach's Voice","",""
"onboarding.voice.heading","How should we talk to you?","",""
"onboarding.voice.sub","Select the personality that best fuels your facial care routine. You can change this at any time in settings.","",""
"onboarding.voice.previewLabel","PREVIEW NOTIFICATION","",""
"onboarding.voice.tipTitle","Did you know?","",""
"onboarding.voice.tipWithVoice","Your coach replies in the voice you pick here — currently <b>{{voice}}</b>. Switch any time from Settings → Coach Style.","","Keep {{…}} placeholders unchanged"
"onboarding.voice.tipNoVoice","Your coach replies in the voice you pick here. Switch any time from Settings → Coach Style.","",""
"onboarding.voice.chooseVoice","Please choose a voice to continue.","",""
"onboarding.voice.saveFailed","Could not save your choice. Please try again.","",""
"onboarding.voice.save","Save Preference","",""
"onboarding.allergies.heading","Any Allergies or Sensitivities?","",""
"onboarding.allergies.sub","We'll flag ingredients that might cause irritation or reactions based on your profile.","",""
"onboarding.allergies.searchPlaceholder","Search other ingredients...","",""
"onboarding.allergies.searchA11y","Add another ingredient","",""
"onboarding.allergies.add","Add","",""
"onboarding.allergies.addNamed","Add {{name}}","","Keep {{…}} placeholders unchanged"
"onboarding.allergies.section","COMMON SENSITIVITIES","",""
"onboarding.allergies.quote","""We'll check every product you scan or add to your shelf against these ingredients.""","",""
"onboarding.allergies.none","I don't have any allergies","",""
"onboarding.allergies.errTooShort","Type an ingredient name (at least 2 letters) to add it.","",""
"onboarding.allergies.errMax","You can flag up to {{max}} ingredients.","","Keep {{…}} placeholders unchanged"
"onboarding.allergies.errSelect","Select at least one ingredient, or tap “I don't have any allergies”.","",""
"onboarding.allergies.saveFailed","Could not save. Please try again.","",""
"onboarding.allSet.faceAlt","Your glow profile","",""
"onboarding.allSet.titleNamed","You're All Set, {{name}}!","","Keep {{…}} placeholders unchanged"
"onboarding.allSet.title","You're All Set!","",""
"onboarding.allSet.sub","Your personalized skincare and hair routine is ready to launch.","",""
"onboarding.allSet.coachVoice","Coach Voice","",""
"onboarding.allSet.notChosen","Not chosen yet","",""
"onboarding.allSet.sensitivities","Sensitivities","",""
"onboarding.allSet.none","None","",""
"onboarding.allSet.reminders","Daily Reminders","",""
"onboarding.allSet.off","Off","",""
"onboarding.allSet.bannerAllergies_one","Based on your selections, we'll flag <b>{{count}} ingredient</b> in every product you scan.","","Keep {{…}} placeholders unchanged"
"onboarding.allSet.bannerAllergies_other","Based on your selections, we'll flag <b>{{count}} ingredients</b> in every product you scan.","","Keep {{…}} placeholders unchanged"
"onboarding.allSet.bannerVoice","Your coach will guide you in a <b>{{voice}}</b> voice — start with today's face scan.","","Keep {{…}} placeholders unchanged"
"onboarding.allSet.personal","personal","",""
"onboarding.allSet.finishFailed","Could not finish setup. Please try again.","",""
"onboarding.allSet.enter","Enter MyFace Dashboard","",""
"onboarding.allSet.agreeTerms","By continuing, you agree to our <link>terms of service</link>.","",""
"coachVoices.motivational","Motivational & Direct","",""
"coachVoices.gentle","Soft & Encouraging","",""
"coachVoices.clinical","Science-Focused","",""
"coachVoices.motivationalPreview","""Zero excuses today. 5 minutes of sculpting is all you need to win the morning. Let's go!""","",""
"coachVoices.gentlePreview","""Take a deep breath. Your skin deserves this moment of care. Whenever you're ready...""","",""
"coachVoices.clinicalPreview","""Consistent daily cleansing supports your skin barrier. Time for today's routine.""","",""
"sensitivities.fragrance","Fragrance","",""
"sensitivities.linalool","Linalool","",""
"sensitivities.parabens","Parabens","",""
"sensitivities.sulfates","Sulfates","",""
"sensitivities.nickel","Nickel","",""
"sensitivities.latex","Latex","",""
"sensitivities.formaldehyde","Formaldehyde","",""
"sensitivities.essentialoils","Essential Oils","",""
"login.errMissing","Please enter your email and password.","",""
"login.failed","Unable to sign in. Please try again.","",""
"login.heading","Welcome back","",""
"login.subheading","Sign in to continue your beauty journey.","",""
"login.email","Email","",""
"login.emailPlaceholder","you@example.com","",""
"login.password","Password","",""
"login.signIn","Sign In","",""
"login.noAccount","Don't have an account?","",""
"login.createAccount","Create account","",""
"login.signUp","Sign Up","",""
"routines.am","AM Routine","",""
"routines.pm","PM Routine","",""
"home.loadFailed","Could not load your data. Check your connection and try again.","",""
"home.checkinFailed","Could not save check-in. Please try again.","",""
"home.loading","Loading your dashboard…","",""
"home.uvMessage","Apply SPF 50+ before heading out.","",""
"home.todaysRoutine","TODAY'S ROUTINE","",""
"home.seeSteps","See steps","",""
"home.dailyStats","DAILY STATS","",""
"home.coachTip","AI COACH TIP","",""
"home.chatNow","Chat now","",""
"home.quickActions","QUICK ACTIONS","",""
"home.statStreak","STREAK","",""
"home.statPoints","POINTS","",""
"home.statLevel","LEVEL","",""
"home.statSteps","STEPS","",""
"home.levelShort","Lv {{level}}","","Keep {{…}} placeholders unchanged"
"home.greetingMorning","Good morning,","",""
"home.greetingAfternoon","Good afternoon,","",""
"home.greetingEvening","Good evening,","",""
"home.nameExclaim","{{name}}!","","Keep {{…}} placeholders unchanged"
"home.there","there","",""
"home.notifications","Notifications","",""
"home.profileSettings","Profile and settings","",""
"home.uvTitle","UV Alert: <b>{{level}}</b>","","Keep {{…}} placeholders unchanged"
"home.uvHigh","High","",""
"home.dismissUv","Dismiss UV alert","",""
"home.stepsCompleted","{{completed}} of {{total}} steps completed","","Keep {{…}} placeholders unchanged"
"home.startRoutine","Start {{title}}","","Keep {{…}} placeholders unchanged"
"home.feelingQuestion","How is your face feeling today?","",""
"home.clear","Clear","",""
"home.humidityBadge","Humidity {{level}} · {{humidity}}%","","Keep {{…}} placeholders unchanged"
"home.humidityLow","Low","",""
"home.humidityModerate","Moderate","",""
"home.humidityGood","Good","",""
"home.humidityMessage","Expect potential dryness; consider a thicker barrier cream today.","",""
"home.faceOfDay","Face of the Day","",""
"home.faceOfDaySub","Tracking your daily progress is the
best way to see results.","",""
"home.streakKeepUp","{{count}}-day streak — keep it up!","","Keep {{…}} placeholders unchanged"
"home.streakStart","Start your streak today!","",""
"home.showSkin","Show us your skin today","",""
"feelings.happy","Happy","",""
"feelings.dry","Dry","",""
"feelings.glow","Glow","",""
"feelings.soft","Soft","",""
"feelings.red","Red","",""
"feelings.oily","Oily","",""
"quickActions.scan","Scan Face","",""
"quickActions.scanDesc","AI skin analysis","",""
"quickActions.routine","View Routine","",""
"quickActions.routineDesc","AM · PM steps","",""
"quickActions.makeup","Makeup Looks","",""
"quickActions.makeupDesc","Virtual try-on","",""
"quickActions.community","Community","",""
"quickActions.communityDesc","Friends · Tips","",""
"coachTip.label","AI Coach","",""
"coachTip.next","Next tip","",""
"coachTip.reply","Reply","",""
"coachTip.replyA11y","Voice reply to coach","",""
"coachTip.tip1","""Tapping your serum gently into the skin instead of rubbing can increase absorption by 20%! Have you tried it this morning?""","",""
"coachTip.tip2","""Always apply SPF as the final step of your AM routine — even on cloudy days, UV rays penetrate clouds.""","",""
"coachTip.tip3","""Drinking 8 glasses of water daily helps maintain skin elasticity and reduces the appearance of fine lines.""","",""
"time.minutesShort","{{count}}m","","Keep {{…}} placeholders unchanged"
"time.hoursShort","{{count}}h","","Keep {{…}} placeholders unchanged"
"time.daysShort","{{count}}d","","Keep {{…}} placeholders unchanged"
"time.am","AM","",""
"time.pm","PM","",""
"time.hour","hour","",""
"time.minute","minute","",""
"time.justNow","just now","",""
"time.minutesAgo_one","{{count}} minute ago","","Keep {{…}} placeholders unchanged"
"time.minutesAgo_other","{{count}} minutes ago","","Keep {{…}} placeholders unchanged"
"time.hoursAgo_one","{{count}} hour ago","","Keep {{…}} placeholders unchanged"
"time.hoursAgo_other","{{count}} hours ago","","Keep {{…}} placeholders unchanged"
"time.daysAgo_one","{{count}} day ago","","Keep {{…}} placeholders unchanged"
"time.daysAgo_other","{{count}} days ago","","Keep {{…}} placeholders unchanged"
"time.thousandShort","{{n}}k","","Keep {{…}} placeholders unchanged"
"time.mAgo","{{count}}m ago","","Keep {{…}} placeholders unchanged"
"time.hAgo","{{count}}h ago","","Keep {{…}} placeholders unchanged"
"time.dAgo","{{count}}d ago","","Keep {{…}} placeholders unchanged"
"friendsActivity.title","FRIENDS ACTIVITY","",""
"friendsActivity.seeAll","See all","",""
"friendsActivity.seeAllA11y","See all friends activity","",""
"friendsActivity.like","Like {{name}}'s activity","","Keep {{…}} placeholders unchanged"
"friendsActivity.completedAm","completed AM Routine","",""
"friendsActivity.startedGlow","started a 7-day Glow challenge","",""
"friendsActivity.hitStreak","hit a 30-day streak!","",""
"friendsActivity.tagRoutine","Routine","",""
"friendsActivity.tagChallenge","Challenge","",""
"friendsActivity.tagStreak","Streak","",""
"routineSteps.cleanser.category","CLEANSER","",""
"routineSteps.cleanser.title","Gentle Cleanser","",""
"routineSteps.cleanser.instructions","Massage onto damp skin for 30 seconds, then rinse with lukewarm water.","",""
"routineSteps.toner.category","TONER & MIST","",""
"routineSteps.toner.title","Rose Water Revitalize","",""
"routineSteps.toner.instructions","Apply 3-4 sprays or use a cotton pad. This balances your pH levels and prepares your skin to absorb serums more effectively.","",""
"routineSteps.serum.category","VITAMIN C SERUM","",""
"routineSteps.serum.title","Brightening Core","",""
"routineSteps.serum.instructions","Press 2-3 drops into skin, avoiding the eye area. Follow with moisturizer.","",""
"routineSteps.eye.category","EYE CARE","",""
"routineSteps.eye.title","Caffeine Eye Gel","",""
"routineSteps.eye.instructions","Dab gently along the orbital bone using your ring finger.","",""
"routineSteps.moisturizer.category","MOISTURIZER","",""
"routineSteps.moisturizer.title","Barrier Repair Cream","",""
"routineSteps.moisturizer.instructions","Warm a coin-sized amount between palms and press into skin.","",""
"routineSteps.spf.category","SUN PROTECTION","",""
"routineSteps.spf.title","SPF 50+ Shield","",""
"routineSteps.spf.instructions","Apply generously as the final step, 15 minutes before sun exposure.","",""
"routineSteps.pm_cleanse.category","DOUBLE CLEANSE","",""
"routineSteps.pm_cleanse.title","Cleansing Balm + Gel","",""
"routineSteps.pm_cleanse.instructions","Melt the balm over dry skin to lift SPF and makeup, emulsify with water, then follow with your gentle gel cleanser.","",""
"routineSteps.pm_toner.category","HYDRATING TONER","",""
"routineSteps.pm_toner.title","Calming Essence","",""
"routineSteps.pm_toner.instructions","Pat a few drops into slightly damp skin to replenish hydration after cleansing.","",""
"routineSteps.pm_treatment.category","NIGHT TREATMENT","",""
"routineSteps.pm_treatment.title","Retinol Renewal Serum","",""
"routineSteps.pm_treatment.instructions","Apply a pea-sized amount to dry skin, avoiding the eyes and corners of the nose. Start 2-3 nights a week.","",""
"routineSteps.pm_eye.category","EYE CARE","",""
"routineSteps.pm_eye.title","Peptide Eye Cream","",""
"routineSteps.pm_eye.instructions","Tap a rice-grain amount along the orbital bone with your ring finger.","",""
"routineSteps.pm_night_cream.category","NIGHT CREAM","",""
"routineSteps.pm_night_cream.title","Overnight Recovery Cream","",""
"routineSteps.pm_night_cream.instructions","Seal everything in with a generous layer, pressing it gently into cheeks, forehead and neck.","",""
"weekdays.monNarrow","M","",""
"weekdays.tueNarrow","T","",""
"weekdays.wedNarrow","W","",""
"weekdays.thuNarrow","T","",""
"weekdays.friNarrow","F","",""
"weekdays.satNarrow","S","",""
"weekdays.sunNarrow","S","",""
"routine.greetMorning","Good Morning, {{name}}","","Keep {{…}} placeholders unchanged"
"routine.greetAfternoon","Good Afternoon, {{name}}","","Keep {{…}} placeholders unchanged"
"routine.greetEvening","Good Evening, {{name}}","","Keep {{…}} placeholders unchanged"
"routine.comingUp","Coming up","",""
"routine.lookingBack","Looking back","",""
"routine.loading","Loading your routine…","",""
"routine.loadFailed","Could not load your routine. Check your connection.","",""
"routine.dayLoadFailed","Could not load that day. Please try again.","",""
"routine.stepsMeta","{{completed}}/{{total}} steps · {{time}}","","Keep {{…}} placeholders unchanged"
"routine.upcoming","Upcoming","",""
"routine.done","Done","",""
"routine.missed","Missed","",""
"routine.minsLeft","{{count}} mins left","","Keep {{…}} placeholders unchanged"
"routine.review","Review","",""
"routine.continue","Continue","",""
"routine.start","Start","",""
"routine.goToToday","Go to today","",""
"routine.dayA11y","{{day}} {{num}}","","Keep {{…}} placeholders unchanged"
"routine.dayDoneA11y",", done","",""
"routine.dayTodayA11y",", today","",""
"routine.oneThing","YOUR ONE THING","",""
"routine.oneThingStep","YOUR ONE THING · {{period}} · {{category}}","","Keep {{…}} placeholders unchanged"
"routine.finishTitle","Finish your routine","",""
"routine.allDoneTitle","You're all done today","",""
"routine.finishText","Every step is done. Log it to keep your streak going.","",""
"routine.allDoneText","Both routines are complete and your streak is logged. Rest up!","",""
"routine.dismissSuggestion","Dismiss suggestion","",""
"routine.markStepDone","Mark this step done","",""
"routine.markDone","Mark done","",""
"routine.finishRoutine","Finish routine","",""
"routine.openRoutine","Open routine","",""
"routine.overwhelmedTitle","Feeling Overwhelmed?","",""
"routine.overwhelmedDesc","Focus on just the most impactful step.","",""
"routine.oneThingBtn","Just give me one thing","",""
"routine.reminderTileA11y","{{label}} reminder at {{time}}","","Keep {{…}} placeholders unchanged"
"routine.increase","Increase {{unit}}","","Keep {{…}} placeholders unchanged"
"routine.decrease","Decrease {{unit}}","","Keep {{…}} placeholders unchanged"
"routine.morning","MORNING","",""
"routine.evening","EVENING","",""
"routine.morningReminder","MORNING REMINDER","",""
"routine.eveningReminder","EVENING REMINDER","",""
"routine.remindAm","Remind me to do my AM routine","",""
"routine.remindPm","Remind me to do my PM routine","",""
"routine.webReminderNote","Your time syncs to your account — reminders are delivered by the MyFace AI phone app.","",""
"routine.notificationSettings","Notification settings","",""
"routine.saveReminder","Save reminder","",""
"routine.auditA11y","View routine audit","",""
"routine.auditTitle","Routine Audit","",""
"routine.auditDesc","Your weekly audit is ready to view.","",""
"routine.stepSaveFailed","Could not save this step","",""
"routine.checkConnection","Please check your connection and try again.","",""
"routine.reminderSaveFailed","Could not save reminder","",""
"routine.reminderSaved","Reminder saved","",""
"routine.reminderNotScheduled","Your time is saved, but the notification could not be scheduled. Please try again.","",""
"routine.back","Back","",""
"routine.stats","Routine Stats","",""
"routine.dayStreak","{{count}} DAY STREAK","","Keep {{…}} placeholders unchanged"
"routine.upcomingReminders","Upcoming Reminders","",""
"routineStep.feelFresh","Fresh","",""
"routineStep.feelTired","Tired","",""
"routineStep.feelGlowy","Glowy","",""
"routineStep.feelOily","Oily","",""
"routineStep.feelDry","Dry","",""
"routineStep.completed","COMPLETED","",""
"routineStep.stepInfo","Step info","",""
"routineStep.markComplete","Mark Step Complete","",""
"routineStep.markCompleteA11y","Mark step complete","",""
"routineStep.saveRoutineFailed","Could not save your routine","",""
"routineStep.almostThere","Almost there!","",""
"routineStep.remaining_one","Complete the remaining {{count}} step to finish your {{routine}}.","","Keep {{…}} placeholders unchanged"
"routineStep.remaining_other","Complete the remaining {{count}} steps to finish your {{routine}}.","","Keep {{…}} placeholders unchanged"
"routineStep.closeRoutine","Close routine","",""
"routineStep.allDone","All done","",""
"routineStep.stepOf","Step {{step}} of {{total}}","","Keep {{…}} placeholders unchanged"
"routineStep.howFeel","HOW DO YOU FEEL?","",""
"routineStep.allDoneCard","Every step is done — tap Finish Routine to log today toward your streak.","",""
"routineStep.askCoachA11y","Ask coach","",""
"routineStep.askCoach","ASK COACH","",""
"routineStep.finishA11y","Finish routine","",""
"routineStep.finish","Finish Routine","",""
"routineStep.moreOptions","More options","",""
"routineComplete.pointsEarned","+{{count}} points","","Keep {{…}} placeholders unchanged"
"routineComplete.title","Routine Complete!","",""
"routineComplete.dayStreak","{{count}} Day Streak","","Keep {{…}} placeholders unchanged"
"routineComplete.aiBadge","AI","",""
"routineComplete.tipLabel","COACH TIP","",""
"routineComplete.tip","Great consistency! Your skin's hydration levels are peaking. Try to sleep on a silk pillowcase tonight to maintain these results.","",""
"routineComplete.logNote","LOG A NOTE","",""
"routineComplete.notePlaceholder","How does your face feel?","",""
"routineComplete.noteA11y","Log a note about how your face feels","",""
"routineComplete.addSelfieA11y","Add today's selfie","",""
"routineComplete.addSelfie","Add Today's Selfie","",""
"routineComplete.share","Share my streak","",""
"routineComplete.shareMessage","I'm on a {{count}}-day skincare streak on BeautyApp!","","Keep {{…}} placeholders unchanged"
"tools.deepScan.label","Deep Scan AI","",""
"tools.deepScan.desc","Complete map of skin texture and tone","",""
"tools.fullAnalysis.label","Full Scan Analysis","",""
"tools.fullAnalysis.desc","Every zone from your latest scan in detail","",""
"tools.symmetry.label","Symmetry Check","",""
"tools.symmetry.desc","Analyze facial proportions and balance","",""
"tools.scanHistory.label","Scan History","",""
"tools.scanHistory.desc","Review your past face scans","",""
"tools.routineBuilder.label","Daily Routine Builder","",""
"tools.routineBuilder.desc","Customized AM/PM skincare flows","",""
"tools.eyebrowTracker.label","Eyebrow Tracker","",""
"tools.eyebrowTracker.desc","Track fullness and growth over time","",""
"tools.eyelashTracker.label","Eyelash Tracker","",""
"tools.eyelashTracker.desc","Track length, density and aftercare","",""
"tools.undereyeTracker.label","Undereye Tracker","",""
"tools.undereyeTracker.desc","Monitor dark circles and depuffing habits","",""
"tools.lipVitality.label","Lip Vitality","",""
"tools.lipVitality.desc","Hydration, surface health and routine","",""
"tools.scalpTracker.label","Scalp & Hair Tracker","",""
"tools.scalpTracker.desc","Scalp health, wash cycle and hairline log","",""
"tools.aging.label","Aging Simulator","",""
"tools.aging.desc","Predict skin health over 10–20 years","",""
"tools.hairstylist.label","AI Hairstylist","",""
"tools.hairstylist.desc","Generate and preview new hairstyles","",""
"tools.lashStyler.label","Lash Styler","",""
"tools.lashStyler.desc","Preview lash styles with the AI visualizer","",""
"tools.tryon.label","Virtual Try-On","",""
"tools.tryon.desc","AR makeup and grooming placement","",""
"tools.occasionLooks.label","Looks for an Occasion","",""
"tools.occasionLooks.desc","AI makeup looks for any event","",""
"tools.savedLooks.label","My Makeup Looks","",""
"tools.savedLooks.desc","Your latest AI-generated looks","",""
"tools.browStyling.label","Brow Styling","",""
"tools.browStyling.desc","Find the brow shape that suits your face","",""
"tools.ingredients.label","Ingredient Analyzer","",""
"tools.ingredients.desc","Scan labels for irritants and actives","",""
"tools.productShelf.label","Product Shelf","",""
"tools.productShelf.desc","Track your routine and monitor results","",""
"tools.ingredientGuide.label","Ingredient Guide","",""
"tools.ingredientGuide.desc","Learn what’s in your products, weekly","",""
"tools.dupeFinder.label","Dupe Finder","",""
"tools.dupeFinder.desc","Find affordable alternatives to products","",""
"tools.productReviews.label","Product Reviews","",""
"tools.productReviews.desc","Read and write reviews from the community","",""
"tools.timelapse.label","Transformation Timelapse","",""
"tools.timelapse.desc","Compare your skin over weeks or months","",""
"tools.weeklyReport.label","Weekly Report","",""
"tools.weeklyReport.desc","Your routine consistency and zone trends","",""
"tools.rewards.label","Points & Rewards","",""
"tools.rewards.desc","Track your balance and earn more","",""
"tools.leaderboard.label","Leaderboard","",""
"tools.leaderboard.desc","See how you rank against others","",""
"tools.communities.label","Communities","",""
"tools.communities.desc","Join groups and share your journey","",""
"tools.challenges.label","Challenges","",""
"tools.challenges.desc","Join challenges and compare with friends","",""
"tools.coachChat.label","Chat with AI Coach","",""
"tools.coachChat.desc","Ask anything about your skin and routine","",""
"tools.coachStyle.label","Coach Style","",""
"tools.coachStyle.desc","Choose how your coach talks to you","",""
"tools.appSettings.label","Settings","",""
"tools.appSettings.desc","Profile, reminders, and account options","",""
"tools.notifications.label","Notifications","",""
"tools.notifications.desc","Choose which alerts you receive","",""
"tools.privacy.label","Data Privacy","",""
"tools.privacy.desc","Manage your scan and routine data","",""
"tools.teenControls.label","Teen Controls","",""
"tools.teenControls.desc","Safety settings for younger users","",""
"toolSections.face","FACE ANALYSIS","",""
"toolSections.routines","ROUTINES & CARE","",""
"toolSections.visualizers","AI VISUALIZERS","",""
"toolSections.makeup","MAKEUP & GROOMING","",""
"toolSections.products","PRODUCTS & INGREDIENTS","",""
"toolSections.progress","PROGRESS & RECAPS","",""
"toolSections.coach","AI COACH","",""
"toolSections.settings","SETTINGS & PERSONALIZATION","",""
"toolChips.analysis","Analysis","",""
"toolChips.makeup","Makeup","",""
"toolChips.serums","Serums","",""
"toolChips.progress","Progress","",""
"toolChips.coach","Coach","",""
"allTools.searchA11y","Search tools","",""
"allTools.clearSearchText","Clear search text","",""
"allTools.seeAll","See All","",""
"allTools.seeAllA11y","See all {{section}}","","Keep {{…}} placeholders unchanged"
"allTools.searchPlaceholder","Search tools...","",""
"allTools.searchSection","Search {{section}}...","","Keep {{…}} placeholders unchanged"
"allTools.quickAccess","QUICK ACCESS","",""
"allTools.noResults","No tools found","",""
"allTools.noResultsText","Nothing matches “{{query}}”. Try a different word.","","Keep {{…}} placeholders unchanged"
"allTools.clearSearch","Clear search","",""
"errors.timeout","The server is taking too long to respond. Please try again.","",""
"errors.offline","Could not reach the server. Check your connection and try again.","",""
"errors.generic","Something went wrong","",""
"errors.offlineFriendly","You’re offline or the server is waking up. Check your connection and try again.","",""
"camera.notReady","The camera is not ready yet.","",""
"camera.unavailable","Camera unavailable","",""
"camera.noCamera","No camera available","",""
"camera.accessOff","Camera access is off","",""
"camera.starting","Starting camera…","",""
"camera.allow","Allow Camera","",""
"camera.openSettings","Open Settings","",""
"camera.browserHint","Allow camera access in your browser's address bar.","",""
"camera.uploadInstead","You can upload a photo instead.","",""
"camera.chooseFromLibrary","Choose a photo from your library","",""
"camera.retake","Retake photo","",""
"camera.switch","Switch camera","",""
"camera.takeFailed","Could not take photo","",""
"camera.chooseSelfie","Choose a selfie","",""
"photo.permissionTitle","Permission needed","",""
"photo.cameraPermission","Allow camera access in your settings to take a photo.","",""
"photo.libraryPermission","Allow photo access in your settings to choose a photo.","",""
"photo.loadFailed","Could not load that photo","",""
"photo.tryDifferent","Please try a different photo.","",""
"photo.addTitle","Add a photo","",""
"photo.sourcePrompt","Take a new photo or choose one from your library.","",""
"photo.take","Take Photo","",""
"photo.library","Choose from Library","",""
"photo.saveFailed","Could not save image","",""
"photo.analyseFailed","Could not analyse your photo","",""
"tutorials.openFailed","Could not open tutorials","",""
"tutorials.search","{{query}} tutorial","","Keep {{…}} placeholders unchanged"
"reminders.amTitle","Time for your AM routine ☀️","",""
"reminders.amBody","Your morning skincare steps are ready — it only takes a few minutes.","",""
"reminders.pmTitle","Time for your PM routine 🌙","",""
"reminders.pmBody","Wind down with your evening skincare routine.","",""
"reminders.channel","Routine reminders","",""
"points.today","Today, {{time}}","","Keep {{…}} placeholders unchanged"
"points.yesterday","Yesterday, {{time}}","","Keep {{…}} placeholders unchanged"
"points.dateTime","{{date}}, {{time}}","","Keep {{…}} placeholders unchanged"
"points.amount","{{sign}}{{amount}} pts","","Keep {{…}} placeholders unchanged"
"trend.latest","Latest scan","",""
"trend.earlier","Earlier scan","",""
"trend.scoreA11y",", skin score {{score}}","","Keep {{…}} placeholders unchanged"
"scanFace.stopScanning","Stop scanning","",""
"scanFace.start","Start face scan","",""
"scanFace.flashOff","Turn flash off","",""
"scanFace.flashOn","Turn flash on","",""
"scanFace.openGallery","Open gallery","",""
"scanFace.tip1","Center your face
in the oval","",""
"scanFace.tip2","Ensure even,
bright lighting","",""
"scanFace.holdStill","Hold still","",""
"scanFace.noCamera","No live camera","",""
"scanFace.capturing","Capturing…","",""
"scanFace.position","Position your face in the oval","",""
"scanFace.allowAccess","Allow camera access if asked","",""
"scanFace.uploadInstead","Tap the button to upload a photo instead","",""
"scanAnalyzing.toneLabel","TONE ANALYSIS","",""
"scanAnalyzing.toneValue","Tone detected","",""
"scanAnalyzing.microLabel","MICRO-SURFACE","",""
"scanAnalyzing.microValue","Texture analyzed","",""
"scanAnalyzing.periorbitalLabel","PERIORBITAL","",""
"scanAnalyzing.periorbitalValue","Dark circles: mild","",""
"scanAnalyzing.browLabel","BROW VOLUME","",""
"scanAnalyzing.browValue","Brow fullness: moderate","",""
"scanAnalyzing.processing","Processing neural landmarks...","",""
"scanAnalyzing.analyzing","ANALYZING","",""
"scanAnalyzing.hold","Hold still while our AI constructs
your personal skin profile.","",""
"scanAnalyzing.failed","Scan failed","",""
"scanAnalyzing.failedMessage","Could not analyse your scan. Please try again.","",""
"scanText.zones.skin","Skin","",""
"scanText.zones.eyes","Eyes","",""
"scanText.zones.lips","Lips","",""
"scanText.zones.hair","Hair","",""
"scanText.zones.brows","Brows","",""
"scanText.metrics.hydrationLevel","Hydration Level","",""
"scanText.metrics.poreClarity","Pore Clarity","",""
"scanText.metrics.elasticity","Elasticity","",""
"scanText.metrics.darkCircles","Dark Circles","",""
"scanText.metrics.puffiness","Puffiness","",""
"scanText.metrics.hydration","Hydration","",""
"scanText.metrics.density","Density","",""
"scanText.metrics.fullness","Fullness","",""
"scanText.status.optimal","Optimal","",""
"scanText.status.excellent","Excellent","",""
"scanText.status.good","Good","",""
"scanText.status.fair","Fair","",""
"scanText.status.low","Low","",""
"scanText.status.moderate","Moderate","",""
"scanText.status.high","High","",""
"scanText.status.dry","Dry","",""
"scanText.status.full","Full","",""
"scanText.status.sparse","Sparse","",""
"scanText.status.notVisible","Not visible","",""
"scanText.status.mild","Mild","",""
"scanText.status.balanced","Balanced","",""
"scanText.status.oily","Oily","",""
"scanText.status.none","None","",""
"scanText.status.visible","Visible","",""
"scanText.trendLabel","{{count}}-SCAN TREND","","Keep {{…}} placeholders unchanged"
"scanText.firstScan","FIRST SCAN","",""
"scanText.notEnoughScans","Not enough scans for trend","",""
"scanText.moreScans_one","{{count}} more scan for a full {{total}}-scan trend","","Keep {{…}} placeholders unchanged"
"scanText.moreScans_other","{{count}} more scans for a full {{total}}-scan trend","","Keep {{…}} placeholders unchanged"
"scanResults.title","Full Scan Analysis","",""
"scanResults.facePhoto","Your scanned face","",""
"scanResults.pointsA11y","{{count}} points earned. View points","","Keep {{…}} placeholders unchanged"
"scanResults.viewPoints","View points","",""
"scanResults.pointsEarned","+{{count}} points earned for today’s scan!","","Keep {{…}} placeholders unchanged"
"scanResults.pointsAlready","Scan saved. Today’s scan points were already earned.","",""
"scanResults.noScan","No scan to show.","",""
"scanResults.takeScanA11y","Take a face scan","",""
"scanResults.takeScan","Take a Face Scan","",""
"scanResults.ancillary","Ancillary Zones","",""
"scanResults.loadFailed","Could not load your scan.","",""
"scanResults.loadFailedTitle","Could not load your scan","",""
"scanResults.noScansTitle","No scans yet","",""
"scanResults.noScansText","Take your first AI face scan to see a full analysis of every zone.","",""
"scanHistory.title","Scan History","",""
"scanHistory.scanFrom","Scan from {{date}}","","Keep {{…}} placeholders unchanged"
"scanHistory.avg","AVG","",""
"scanHistory.emptyTitle","Your Journey Starts Here","",""
"scanHistory.emptyDesc","Take your first face scan to start tracking your skin, hair, and brow progress over time.","",""
"scanHistory.startA11y","Start your first scan","",""
"scanHistory.start","Start Your First Scan","",""
"scanHistory.hint","TAKES LESS THAN 30 SECONDS","",""
"scanHistory.count_one","{{count}} scan recorded","","Keep {{…}} placeholders unchanged"
"scanHistory.count_other","{{count}} scans recorded","","Keep {{…}} placeholders unchanged"
"serverText.levels.l1","Level 1: Fresh Start","",""
"serverText.levels.l2","Level 2: Glow Getter","",""
"serverText.levels.l3","Level 3: Radiance Rookie","",""
"serverText.levels.l4","Level 4: Skin Savant","",""
"serverText.levels.l5","Level 5: Glow Master","",""
"serverText.levels.l6","Level 6: Luminary","",""
"serverText.ledger.skinAnalysis","Skin Analysis","",""
"serverText.ledger.waterGoal","Daily Water Goal","",""
"serverText.ledger.friendJoined","Friend Joined","",""
"serverText.ledger.routineCompleted","Daily Routine Completed","",""
"serverText.ledger.mindfulness","Mindfulness Session","",""
"serverText.weekly.keepUpTitle","Keep Up Your Routine","",""
"serverText.weekly.prioritizeTitle","Prioritize {{zone}} Recovery","","Keep {{…}} placeholders unchanged"
"serverText.weekly.keepUpDesc","Consistency is the foundation of skin health. Complete both AM and PM routines daily for the best results.","",""
"serverText.weekly.focusDesc","Focus your care routine on improving your {{zone}} health this week.","","Keep {{…}} placeholders unchanged"
"serverText.trackerItems.eyebrowRevitabrow","RevitaBrow Advanced","",""
"serverText.trackerItems.eyebrowCastor","Castor Oil Serum","",""
"serverText.trackerItems.eyelashCleanse","Clean daily with oil-free cleanser","",""
"serverText.trackerItems.eyelashSpoolie","Brush through with a clean spoolie","",""
"serverText.trackerItems.undereyeCold","Cold Compress","",""
"serverText.trackerItems.undereyeGua","Gua Sha","",""
"serverText.trackerItems.undereyeJade","Jade Roller","",""
"serverText.trackerItems.undereyePatch","Eye Patches","",""
"serverText.trackerItems.undereyeEyedrops","Eye Drops Applied","",""
"serverText.trackerItems.lipsExfoliate","Exfoliate","",""
"serverText.trackerItems.lipsBalm","Balm","",""
"serverText.trackerItems.lipsMask","Overnight Mask","",""
"serverText.trackerItems.scalpWash","Hair Wash","",""
"serverText.trackerItems.scalpSerum","Scalp Serum","",""
"serverText.trackerItems.scalpMassage","Scalp Massage","",""
"serverText.trackerItems.scalpMask","Deep Conditioning Mask","",""
"rewards.loading","Loading your points…","",""
"rewards.totalBalance","TOTAL BALANCE","",""
"rewards.untilNext","{{points}} points until {{level}}","","Keep {{…}} placeholders unchanged"
"rewards.topLevel","You’ve reached the top level — amazing!","",""
"rewards.earnMore","Earn More Points","",""
"rewards.doneCheck","Done ✓","",""
"rewards.scanLabel","Scan Face","",""
"rewards.scanDone","Earned today — scan again tomorrow","",""
"rewards.scanTodo","Analyze your skin today","",""
"rewards.waterLabel","Log Water","",""
"rewards.waterDone","Goal reached · {{count}} glasses today","","Keep {{…}} placeholders unchanged"
"rewards.waterProgress","{{count}} of {{goal}} glasses today","","Keep {{…}} placeholders unchanged"
"rewards.waterTodo","Stay hydrated for glow · {{goal}} glasses","","Keep {{…}} placeholders unchanged"
"rewards.referLabel","Refer a Friend","",""
"rewards.referJoined","{{count}} joined","","Keep {{…}} placeholders unchanged"
"rewards.referPending"," · {{count}} pending","","Keep {{…}} placeholders unchanged"
"rewards.referTodo","Share the routine","",""
"rewards.recentHistory","Recent History","",""
"rewards.noHistory","No activity yet — complete a routine or scan to start earning.","",""
"rewards.fullStatement","VIEW FULL STATEMENT","",""
"rewards.fullStatementA11y","View full statement","",""
"rewards.earnRowA11y","{{label}}: {{desc}}. {{pill}}","","Keep {{…}} placeholders unchanged"
"water.title","Log Water","",""
"water.glassesToday","glasses today","",""
"water.goalReached","Daily goal reached — nice work staying hydrated!","",""
"water.moreToEarn_one","{{count}} more glass to earn +{{points}} points","","Keep {{…}} placeholders unchanged"
"water.moreToEarn_other","{{count}} more glasses to earn +{{points}} points","","Keep {{…}} placeholders unchanged"
"water.earned","+{{count}} points earned for today’s water goal!","","Keep {{…}} placeholders unchanged"
"water.glass","Glass {{n}}","","Keep {{…}} placeholders unchanged"
"water.glassLogged","Glass {{n}}, logged","","Keep {{…}} placeholders unchanged"
"water.remove","Remove a glass","",""
"water.addA11y","Add a glass of water","",""
"water.add","Add a Glass","",""
"water.max","That’s the most you can log for today.","",""
"water.history","View points history","",""
"refer.title","Refer a Friend","",""
"refer.inviteMessage","Join me on MyFace AI — it builds your skincare routine from an AI face scan. Use my referral code {{code}} when you sign up!","","Keep {{…}} placeholders unchanged"
"refer.heroTitle","Earn {{points}} points per friend","","Keep {{…}} placeholders unchanged"
"refer.heroText","Invite friends to MyFace AI. You earn +{{points}} when they complete their first face scan or routine.","","Keep {{…}} placeholders unchanged"
"refer.yourCode","YOUR REFERRAL CODE","",""
"refer.codeA11y","Referral code {{code}}","","Keep {{…}} placeholders unchanged"
"refer.codeCopied","Referral code copied","",""
"refer.copyA11y","Copy referral code","",""
"refer.copy","Copy","",""
"refer.shareA11y","Share invite","",""
"refer.share","Share Invite","",""
"refer.howItWorks","HOW IT WORKS","",""
"refer.step1","Share your code with a friend.","",""
"refer.step2","They enter it when creating their MyFace AI account.","",""
"refer.step3","When they finish their first face scan or routine, you get +{{points}} points.","","Keep {{…}} placeholders unchanged"
"refer.friendsJoined","FRIENDS WHO JOINED","",""
"refer.ptsEarned"," · {{points}} PTS EARNED","","Keep {{…}} placeholders unchanged"
"refer.noFriends","No friends have joined with your code yet.","",""
"refer.joined","Joined {{date}}","","Keep {{…}} placeholders unchanged"
"refer.earnedPts","+{{points}} earned","","Keep {{…}} placeholders unchanged"
"refer.pending","Pending","",""
"statement.title","Points Statement","",""
"statement.currentBalance","CURRENT BALANCE","",""
"statement.noPoints","No points yet","",""
"statement.noPointsText","Complete a routine, scan your face or log water to start earning.","",""
"statement.waysA11y","Ways to earn","",""
"statement.ways","Ways to Earn","",""
"statement.loadOlder","Load older transactions","",""
"statement.end_one","That’s everything — {{count}} transaction.","","Keep {{…}} placeholders unchanged"
"statement.end_other","That’s everything — {{count}} transactions.","","Keep {{…}} placeholders unchanged"
"social.following","Following","",""
"social.discover","Discover","",""
"social.liveNow","LIVE NOW · {{count}} IN SESSION","","Keep {{…}} placeholders unchanged"
"social.doneToday","DONE TODAY ✓","",""
"social.joinedToday","{{count}} JOINED TODAY","","Keep {{…}} placeholders unchanged"
"social.dailySession","DAILY SESSION","",""
"social.sessionTitle","Daily Mindfulness Routine","",""
"social.joinLive","Join live: {{title}}","","Keep {{…}} placeholders unchanged"
"social.startSession","Start: {{title}}","","Keep {{…}} placeholders unchanged"
"social.createStory","Create new story","",""
"social.storyOf","{{name}}'s story","","Keep {{…}} placeholders unchanged"
"social.newStory","New Story","",""
"social.yourStory","Your story","",""
"social.peopleToFollow","PEOPLE TO FOLLOW","",""
"social.openProfile","Open {{name}}'s profile","","Keep {{…}} placeholders unchanged"
"social.view","View","",""
"social.postsLoadFailed","Could not load posts.","",""
"social.storiesLoadFailed","Could not load stories.","",""
"social.postsCouldntLoad","Posts couldn’t be loaded.","",""
"social.loadingPosts","Loading posts…","",""
"social.feedEmpty","Your feed is empty","",""
"social.noPosts","No posts yet","",""
"social.feedEmptyText","Share your first post, or follow people from Discover to see their updates here.","",""
"social.noPostsText","Be the first to share your routine with the community.","",""
"social.createPostA11y","Create a post","",""
"social.createPost","Create a Post","",""
"social.goDiscover","Go to Discover","",""
"social.leaderboard","Leaderboard","",""
"social.communities","Communities","",""
"social.createNewPost","Create new post","",""
"socialTags.morningFlow","Morning Flow","",""
"socialTags.nightRoutine","Night Routine","",""
"socialTags.skincare","Skincare","",""
"socialTags.progress","Progress","",""
"socialTags.makeup","Makeup","",""
"socialTags.mindfulness","Mindfulness","",""
"socialTags.wellness","Wellness","",""
"socialTags.question","Question","",""
"post.user","User","",""
"post.checkOut","Check out this post","",""
"post.shareText","{{name}} on MyFace AI: {{body}}","","Keep {{…}} placeholders unchanged"
"post.quoted","“{{caption}}”","","Keep {{…}} placeholders unchanged"
"post.likeFailed","Could not update like","",""
"post.saveFailed","Could not update saved posts","",""
"post.openProfile","Open {{name}}'s profile","","Keep {{…}} placeholders unchanged"
"post.authorTime","{{name}}, {{time}}","","Keep {{…}} placeholders unchanged"
"post.moreOptions","More options","",""
"post.photoBy","Photo posted by {{name}}","","Keep {{…}} placeholders unchanged"
"post.like","Like","",""
"post.unlike","Unlike","",""
"post.comments","Comments ({{count}})","","Keep {{…}} placeholders unchanged"
"post.share","Share","",""
"post.save","Save","",""
"post.unsave","Unsave","",""
"post.readMoreA11y","Read more","",""
"post.readMore","read more","",""
"post.reportSpam","Spam","",""
"post.reportInappropriate","Inappropriate content","",""
"post.reportHarassment","Harassment or bullying","",""
"post.reportOther","Something else","",""
"post.somethingWrong","Something went wrong","",""
"post.deleteTitle","Delete post?","",""
"post.deleteText","This removes the post, its likes and comments for everyone.","",""
"post.reportThanks","Thanks for reporting","",""
"post.reportHidden","This post is now hidden from your feed.","",""
"post.closeMenu","Close menu","",""
"post.delete","Delete post","",""
"post.follow","Follow {{name}}","","Keep {{…}} placeholders unchanged"
"post.unfollow","Unfollow {{name}}","","Keep {{…}} placeholders unchanged"
"post.viewProfile","View {{name}}'s profile","","Keep {{…}} placeholders unchanged"
"post.sharePost","Share post","",""
"post.report","Report post","",""
"post.reportWhy","Why are you reporting this post?","",""
"createPost.addPhotoStory","Add a photo to your story","",""
"createPost.addPhotoPost","Add a photo to your post","",""
"createPost.discardTitle","Discard?","",""
"createPost.discardStory","Your story hasn't been shared yet.","",""
"createPost.discardPost","Your post hasn't been shared yet.","",""
"createPost.discard","Discard","",""
"createPost.shareFailed","Could not share. Please try again.","",""
"createPost.newStory","New Story","",""
"createPost.newPost","New Post","",""
"createPost.shareStory","Share story","",""
"createPost.sharePost","Share post","",""
"createPost.share","Share","",""
"createPost.post","Post","",""
"createPost.story","Story","",""
"createPost.storyPlaceholder","Share a moment…","",""
"createPost.storyText","Story text","",""
"createPost.postPlaceholder","Share your routine, progress or a question…","",""
"createPost.postText","Post text","",""
"createPost.removePhoto","Remove photo","",""
"createPost.changePhotoA11y","Change photo","",""
"createPost.addPhotoA11y","Add photo","",""
"createPost.changePhoto","Change Photo","",""
"createPost.addPhoto","Add Photo","",""
"createPost.remove","Remove","",""
"createPost.background","BACKGROUND","",""
"createPost.backgroundA11y","Background {{color}}","","Keep {{…}} placeholders unchanged"
"createPost.storyHint","Stories are visible to your followers for 24 hours.","",""
"createPost.tagOptional","TAG (OPTIONAL)","",""
"createPost.tagA11y","Tag {{tag}}","","Keep {{…}} placeholders unchanged"
"comments.loadFailed","Could not load comments.","",""
"comments.postFailed","Could not post comment","",""
"comments.deleteTitle","Delete comment?","",""
"comments.deleteFailed","Could not delete comment","",""
"comments.title","Comments","",""
"comments.none","No comments yet","",""
"comments.start","Start the conversation.","",""
"comments.openProfile","Open {{name}}'s profile","","Keep {{…}} placeholders unchanged"
"comments.delete","Delete comment","",""
"comments.placeholder","Add a comment…","",""
"comments.a11y","Add a comment","",""
"comments.post","Post comment","",""
"profile.loadFailed","Could not load this profile.","",""
"profile.followFailed","Could not update follow","",""
"profile.posts","Posts","",""
"profile.followers","Followers","",""
"profile.following","Following","",""
"profile.createPost","Create a post","",""
"profile.newPost","New Post","",""
"profile.follow","Follow","",""
"profile.followName","Follow {{name}}","","Keep {{…}} placeholders unchanged"
"profile.unfollowName","Unfollow {{name}}","","Keep {{…}} placeholders unchanged"
"profile.myPosts","My Posts","",""
"profile.saved","Saved","",""
"profile.savedEmpty","Posts you save with the bookmark icon appear here.","",""
"profile.noPostsMine","You haven’t posted yet.","",""
"profile.noPostsOther","{{name}} hasn’t posted yet.","","Keep {{…}} placeholders unchanged"
"profile.myProfile","My Profile","",""
"profile.title","Profile","",""
"story.deleteTitle","Delete story?","",""
"story.deleteText","It will be removed for everyone.","",""
"story.deleteFailed","Could not delete story","",""
"story.gone","This story is no longer available.","",""
"story.previous","Previous story","",""
"story.next","Next story","",""
"story.openProfile","Open {{name}}'s profile","","Keep {{…}} placeholders unchanged"
"story.yours","Your story","",""
"story.play","Play","",""
"story.pause","Pause","",""
"story.delete","Delete story","",""
"story.close","Close stories","",""
"communities.catAll","All","",""
"communities.catSkin","Skin","",""
"communities.catBrows","Brows","",""
"communities.catMakeup","Makeup","",""
"communities.catGlowUp","Glow-up","",""
"communities.sortTrending","Trending","",""
"communities.sortNewest","Newest","",""
"communities.sortMostActive","Most Active","",""
"communities.skinTechName","Advanced Skin Tech","",""
"communities.proMakeupName","Pro Makeup Artists","",""
"communities.glowUpName","Glow-up Challengers","",""
"communities.glowUpDesc","Sharing insights on the future of personal growth through AI.","",""
"communities.browMasteryName","Brow Mastery Group","",""
"communities.browMasteryDesc","Techniques, product reviews and before/afters from brow enthusiasts.","",""
"communities.morningRitualsName","Morning Rituals","",""
"communities.morningRitualsDesc","A calm corner for AM skincare routines and accountability.","",""
"communities.verified","VERIFIED","",""
"communities.membersOnline","{{members}} members · {{online}} online","","Keep {{…}} placeholders unchanged"
"communities.members","{{members}} members","","Keep {{…}} placeholders unchanged"
"communities.joined","Joined","",""
"communities.join","Join","",""
"communities.searchPlaceholder","Search communities...","",""
"communities.searchA11y","Search communities","",""
"communities.official","Official Communities","",""
"communities.seeAllOfficial","See all official communities","",""
"communities.seeAll","See all","",""
"communities.hub","Community Hub","",""
"communities.noMatch","No communities match this filter yet.","",""
"communities.myTitle","My Communities","",""
"communities.findTitle","Find Your Community","",""
"communities.findDesc","Join a group of users with similar skin or hair goals to share tips, streaks, and progress.","",""
"communities.discoverA11y","Discover communities","",""
"communities.discover","Discover Communities","",""
"communities.previewSkincare","Skincare","",""
"communities.previewDailyGlow","Daily Glow","",""
"communities.previewHaircare","Haircare","",""
"communities.previewCurlLove","Curl Love","",""
"communities.previewA11y","{{label}}: {{name}}","","Keep {{…}} placeholders unchanged"
"communityGroup.defaultName","AI Pioneers Guild","",""
"communityGroup.membersCount","{{members}} Members","","Keep {{…}} placeholders unchanged"
"communityGroup.leave","Leave group","",""
"communityGroup.joinA11y","Join group","",""
"communityGroup.tabFeed","Feed","",""
"communityGroup.tabQa","Q&A","",""
"communityGroup.tabMembers","Members","",""
"communityGroup.qaSoon","Q&A threads coming soon.","",""
"communityGroup.membersSoon","Member list coming soon.","",""
"communityGroup.streakTitle","Group Streak: 18 Days","",""
"communityGroup.streakSub","Only 2 days left for the Gold badge!","",""
"communityGroup.pinned","PINNED POSTS","",""
"communityGroup.pinnedTitle","Weekly Challenge: AI Habit Tracking","",""
"communityGroup.pinnedDesc","Join us this week as we explore the best ways to integrate AI into your daily morning routine.","",""
"communityGroup.top10","TOP 10 LEADERBOARD","",""
"communityGroup.seeFull","See full leaderboard","",""
"communityGroup.seeAllCaps","SEE ALL","",""
"communityGroup.pts","{{points}} pts","","Keep {{…}} placeholders unchanged"
"communityGroup.latest","LATEST DISCUSSIONS","",""
"communityGroup.hoursAgo","2 hours ago","",""
"communityGroup.discussion","How are you all using the new MyFace AI vision module to track your fitness routines? I'm finding it incredibly helpful for form correction!","",""
"coach.welcome","Hi! I'm your AI skin coach 💆‍♀️ Ask me anything about your skincare routine, ingredients, or skin concerns.","",""
"coach.suggestDry","Best routine for dry skin?","",""
"coach.suggestMix","Can I mix Vitamin C + Retinol?","",""
"coach.suggestPores","How to reduce pores?","",""
"coach.suggestNiacinamide","What is niacinamide good for?","",""
"coach.thinking","Thinking…","",""
"coach.aboutTip","About your tip ""{{tip}}"" — ","","Keep {{…}} placeholders unchanged"
"coach.connectFailed","I couldn't connect right now. Please check your connection and try again.","",""
"coach.title","Skin Coach","",""
"coach.status","AI · Always available","",""
"coach.clear","Clear chat history","",""
"coach.style","Coach style settings","",""
"coach.report","View weekly report","",""
"coach.placeholder","Ask your skin coach...","",""
"coach.input","Message input","",""
"coach.send","Send message","",""
"coachStyle.motivational","Motivational","",""
"coachStyle.gentle","Gentle","",""
"coachStyle.clinical","Clinical","",""
"coachStyle.witty","Witty","",""
"coachStyle.motivationalSample","""Push your limits today! Your 3-day streak is waiting to become 4. Let's get moving!""","",""
"coachStyle.gentleSample","""Whenever you're ready, let's take a small step forward together today. No pressure.""","",""
"coachStyle.clinicalSample","""Scheduled activity reminder: Engagement required to maintain metabolic rhythm and focus.""","",""
"coachStyle.wittySample","""Your streak called. It misses you. Don't ghost your progress, it's a bad look.""","",""
"coachStyle.active","ACTIVE","",""
"coachStyle.sampleLabel","Sample Notification","",""
"coachStyle.saveFailed","Could not save your preferences.","",""
"coachStyle.title","Coach Style","",""
"coachStyle.personality","Personality","",""
"coachStyle.personalitySub","Choose how MyFace AI interacts with you and encourages your daily routine.","",""
"coachStyle.frequency","Frequency","",""
"coachStyle.dailyReminders","Daily Reminders","",""
"coachStyle.dailyRemindersSub","Three times per day","",""
"coachStyle.morningInsight","Morning Insight","",""
"coachStyle.morningInsightSub","Sent at 8:00 AM","",""
"coachStyle.save","Save Preferences","",""
"coachStyle.saveA11y","Save preferences","",""
"notifications.routine","Routine","",""
"notifications.progress","Progress","",""
"notifications.social","Social","",""
"notifications.community","Community","",""
"notifications.coach","Coach","",""
"notifications.wellness","Wellness","",""
"notifications.title","Notifications","",""
"notifications.bannerTitle","Manage Alerts","",""
"notifications.bannerSub","Customize how you interact with MyFace AI","",""
"notifications.muteAll","Mute All","",""
"notifications.muteAllSub","Silence all app notifications","",""
"notifications.categories","APP CATEGORIES","",""
"notifications.info","Notifications help you stay on track with your routines and wellness goals. Disabling them may affect your streak progress.","",""
"privacy.summary1","Stored in your account: name, email, routine progress, check-ins, scan scores, points, coach chats, saved looks, product shelf, reviews and settings.","",""
"privacy.summary2","Photos (face scans, label scans, try-ons, style advice) are sent to our AI provider (OpenAI) for that one analysis and are never stored — only the resulting scores are saved.","",""
"privacy.summary3","Your password is stored only as a secure hash.","",""
"privacy.summary4","Use ""Download Data"" to export everything, or ""Delete Account"" to erase it.","",""
"privacy.processingTitle","How your data is processed","",""
"privacy.policyOpenFailed","Could not open the privacy policy","",""
"privacy.summaryTitle","Privacy summary","",""
"privacy.exportFailed","Could not export your data","",""
"privacy.deleteTitle","Delete your account?","",""
"privacy.deleteText","This permanently deletes your account, scans, routines, reviews and all other data.","",""
"privacy.sureTitle","Are you absolutely sure?","",""
"privacy.sureText","This cannot be undone.","",""
"privacy.deleteForever","Delete Forever","",""
"privacy.deleteFailed","Could not delete account","",""
"privacy.heading","Privacy & Transparency","",""
"privacy.subheading","Manage your data and understand how we protect your biometric information.","",""
"privacy.secureTitle","Secure Biometrics","",""
"privacy.secureBody","Your face scan data is processed locally on your device before being converted into a unique mathematical representation. This data is encrypted with AES-256 standards and is never accessible to employees or third parties.","",""
"privacy.encryption","End-to-End Encryption Enabled","",""
"privacy.downloadA11y","Download your data","",""
"privacy.preparing","Preparing…","",""
"privacy.download","Download Data","",""
"privacy.downloadHint","Download a JSON file with all your account data, scans and activity.","",""
"privacy.historyA11y","Data history","",""
"privacy.history","Data History","",""
"privacy.insightsA11y","Processing insights","",""
"privacy.insights","Processing Insights","",""
"privacy.policyA11y","Privacy policy","",""
"privacy.policy","Privacy Policy","",""
"privacy.deleteA11y","Delete account","",""
"privacy.deleting","Deleting…","",""
"privacy.delete","Delete Account","",""
"privacy.deleteHint","This action is permanent and cannot be undone.","",""
"teen.saveFailed","Could not save your changes.","",""
"teen.accountOf","{{name}}'s Account","","Keep {{…}} placeholders unchanged"
"teen.yourAccount","Your Account","",""
"teen.protectionOn","Protection Active","",""
"teen.protectionOff","Protection Off","",""
"teen.toggleA11y","Teenage mode","",""
"teen.social","SOCIAL PERMISSIONS","",""
"teen.publicProfile","Public Profile","",""
"teen.publicProfileDesc","Visible to non-contacts","",""
"teen.aiInteractions","AI Interactions","",""
"teen.aiInteractionsDesc","Unrestricted AI chatting","",""
"teen.filters","CONTENT FILTERS","",""
"teen.deepFilters","Deep Filters","",""
"teen.deepFiltersDesc","Strict AI moderation active","",""
"teen.quietHours","Quiet Hours","",""
"teen.restrictExplicit","Restrict Explicit Content","",""
"teen.parental","PARENTAL REPORTING","",""
"teen.weeklyEmail","Weekly Summary Email","",""
"teen.emailDesc","Sent every Sunday at 8:00 AM to {{email}}","","Keep {{…}} placeholders unchanged"
"teen.yourEmail","your account email","",""
"teen.saveA11y","Save all changes","",""
"teen.saved","Saved!","",""
"teen.save","Save All Changes","",""
"welcomeBack.heading","Welcome Back, {{name}}!","","Keep {{…}} placeholders unchanged"
"welcomeBack.sub","Consistency is a journey, not a destination. Let's pick up where we left off.","",""
"welcomeBack.currentStreak","CURRENT STREAK","",""
"welcomeBack.days_one","{{count}} Day","","Keep {{…}} placeholders unchanged"
"welcomeBack.days_other","{{count}} Days","","Keep {{…}} placeholders unchanged"
"welcomeBack.sessions","Sessions Completed","",""
"welcomeBack.weekPoints","Points This Week","",""
"welcomeBack.quote","""Every morning is a new opportunity to grow.""","",""
"welcomeBack.tip","Life happens, and that's okay. Your progress is still here waiting for you. No pressure, just progress.","",""
"welcomeBack.freshStartA11y","Fresh start","",""
"welcomeBack.freshStart","Fresh Start","",""
"welcomeBack.freezeA11y","Use streak freeze","",""
"welcomeBack.freezeApplied","Streak Freeze Applied","",""
"welcomeBack.freeze","Use Streak Freeze","",""
"weekly.consistency","Consistency","",""
"weekly.completed","{{pct}}% COMPLETED","","Keep {{…}} placeholders unchanged"
"weekly.routineDone","Routine Done","",""
"weekly.missed","Missed","",""
"weekly.prev","Prev: {{score}}","","Keep {{…}} placeholders unchanged"
"weekly.noScan","No scan this week — take a scan to see your zone analysis.","",""
"weekly.title","Weekly Report","",""
"weekly.zoneAnalysis","Zone Analysis","",""
"weekly.totalSessions","Total Sessions","",""
"weekly.weekPoints","Points This Week","",""
"weekly.focusNext","FOCUS NEXT WEEK","",""
"weekly.dateRange","{{start}} — {{end}}","","Keep {{…}} placeholders unchanged"
"leaderboard.global","Global","",""
"leaderboard.weekly","Weekly","",""
"leaderboard.you"," (You)","",""
"leaderboard.dayStreak","{{count}} day streak","","Keep {{…}} placeholders unchanged"
"leaderboard.ptsTotal","{{count}} pts total","","Keep {{…}} placeholders unchanged"
"leaderboard.pts","pts","",""
"leaderboard.days","days","",""
"leaderboard.title","Leaderboard","",""
"leaderboard.empty","No rankings yet. Complete routines to earn points!","",""
"leaderboard.points","Points","",""
"leaderboard.streak","Streak","",""
"leaderboard.rank","#{{rank}}","","Keep {{…}} placeholders unchanged"
"challenges.tabActive","Active","",""
"challenges.tabAvailable","Available","",""
"challenges.tabCompleted","Completed","",""
"challenges.glowTitle","Glow Routine","",""
"challenges.glowDesc","Consistent facial massage","",""
"challenges.hydrationTitle","Hydration Hero","",""
"challenges.hydrationDesc","5 days remaining","",""
"challenges.jawlineTitle","Jawline Sculpt 2024","",""
"challenges.jawlineMeta","30 Day program · Beginner","",""
"challenges.eyeTitle","Eye Revival Series","",""
"challenges.eyeMeta","14 Day program · Advanced","",""
"challenges.badgeReset","7 Day Reset","",""
"challenges.badgeEarly","Early Bird","",""
"challenges.badgeSummer","Summer Glow","",""
"challenges.yours","Your Challenges","",""
"challenges.activeCount","{{count}} ACTIVE","","Keep {{…}} placeholders unchanged"
"challenges.open","Open {{title}} challenge","","Keep {{…}} placeholders unchanged"
"challenges.dayStreak","{{count}} Day Streak","","Keep {{…}} placeholders unchanged"
"challenges.dayOf","Day {{day}} of {{total}}","","Keep {{…}} placeholders unchanged"
"challenges.friendsIn","FRIENDS IN CHALLENGE","",""
"challenges.others","+{{count}} others","","Keep {{…}} placeholders unchanged"
"challenges.rank","RANK","",""
"challenges.browse","Browse new challenges below.","",""
"challenges.noneCompleted","No completed challenges yet.","",""
"challenges.availableForYou","Available for You","",""
"challenges.joinA11y","Join {{title}}","","Keep {{…}} placeholders unchanged"
"challenges.joined","Joined","",""
"challenges.joinNow","Join Now","",""
"challenges.past","Past Triumphs","",""
"challenges.viewAll","VIEW ALL","",""
"friendCompare.you","YOU","",""
"friendCompare.score","Score: {{score}}","","Keep {{…}} placeholders unchanged"
"friendCompare.vs","VS","",""
"friendCompare.day","Day {{day}}/{{total}}","","Keep {{…}} placeholders unchanged"
"friendCompare.range7","7 Days","",""
"friendCompare.range30","30 Days","",""
"friendCompare.growth","Face Score Growth","",""
"friendCompare.yourImprovement","Your Improvement","",""
"friendCompare.theirImprovement","{{name}}'s Improvement","","Keep {{…}} placeholders unchanged"
"friendCompare.cheer","Cheer","",""
"friendCompare.cheered","Cheered!","",""
"friendCompare.nudge","Nudge","",""
"friendCompare.nudged","Nudged!","",""
"friendCompare.leader","CURRENT LEADER","",""
"friendCompare.youWin","You're winning!","",""
"friendCompare.theyLead","{{name}} is ahead!","","Keep {{…}} placeholders unchanged"
"friendCompare.keepUp","Keep up your daily routine to stay ahead of {{name}}.","","Keep {{…}} placeholders unchanged"
"friendCompare.streak","{{count}} Day Streak","","Keep {{…}} placeholders unchanged"
"friendCompare.viewStatsA11y","View all stats","",""
"friendCompare.viewStats","VIEW ALL STATS ›","",""
"mindfulness.breatheIn","Breathe in","",""
"mindfulness.hold","Hold","",""
"mindfulness.breatheOut","Breathe out","",""
"mindfulness.saveFailed","Could not save your session.","",""
"mindfulness.startFailed","Could not start the session.","",""
"mindfulness.endTitle","End session?","",""
"mindfulness.endText","Your progress in this session won’t be saved.","",""
"mindfulness.end","End","",""
"mindfulness.title","Mindfulness","",""
"mindfulness.othersNow_one","{{count}} other breathing with you now","","Keep {{…}} placeholders unchanged"
"mindfulness.othersNow_other","{{count}} others breathing with you now","","Keep {{…}} placeholders unchanged"
"mindfulness.joinedToday","{{count}} joined today","","Keep {{…}} placeholders unchanged"
"mindfulness.intro","A {{minutes}}-minute guided breathing session to reset before your routine. Follow the circle: breathe in as it grows, hold, and breathe out as it shrinks.","","Keep {{…}} placeholders unchanged"
"mindfulness.alreadyDone","You’ve already completed today’s session ✓","",""
"mindfulness.joinLiveA11y","Join live session","",""
"mindfulness.startA11y","Start session","",""
"mindfulness.joinLive","Join Live Session","",""
"mindfulness.start","Start Session","",""
"mindfulness.paused","Paused","",""
"mindfulness.resume","Resume","",""
"mindfulness.pause","Pause","",""
"mindfulness.endA11y","End session","",""
"mindfulness.complete","Session complete","",""
"mindfulness.pointsEarned","+{{count}} points earned. ","","Keep {{…}} placeholders unchanged"
"mindfulness.niceWork","Nice work taking a moment for yourself.","",""
"mindfulness.shareA11y","Share to Socials","",""
"mindfulness.share","Share to Socials","",""
"terms.s1.title","1. Accepting these terms","",""
"terms.s1.p1","By creating an account or using MyFace AI (""the app""), you agree to these Terms of Service. If you do not agree, please do not use the app.","",""
"terms.s1.p2","If you are under 18, you may use the app only with the permission of a parent or guardian, who agrees to these terms on your behalf. Teenage Mode in Settings offers extra protections for younger users.","",""
"terms.s2.title","2. Cosmetic guidance only — not medical advice","",""
"terms.s2.p1","Face scans, scores, routines, coach messages and product or ingredient suggestions are for general cosmetic and wellness purposes only. They are not a medical diagnosis, treatment or professional advice.","",""
"terms.s2.p2","AI analysis can be wrong. Always patch-test new products, and see a dermatologist or doctor about any skin, hair or health concern, reaction or allergy.","",""
"terms.s3.title","3. Your account","",""
"terms.s3.p1","Give accurate information when you sign up and keep your password private. You are responsible for activity on your account.","",""
"terms.s3.p2","You can delete your account at any time from Settings → Privacy Settings. Deleting it removes your profile, scans and other saved data.","",""
"terms.s4.title","4. Photos and AI processing","",""
"terms.s4.p1","When you take a face scan or use a photo tool, your photo is sent securely to our servers and to our AI provider (OpenAI) to produce the analysis. Scan results are saved to your account so you can track progress.","",""
"terms.s4.p2","Only upload photos of yourself, or of people who have agreed to it. Do not upload images of anyone under 18 other than yourself.","",""
"terms.s5.title","5. Community and content you share","",""
"terms.s5.p1","You keep ownership of the posts, photos and comments you share. You give us permission to store and display them in the app so the features work.","",""
"terms.s5.p2","Do not post anything illegal, hateful, harassing, sexually explicit, or that infringes someone else's rights. We may remove content or suspend accounts that break these rules.","",""
"terms.s6.title","6. Points and rewards","",""
"terms.s6.p1","Points, streaks, levels and referral rewards have no cash value and cannot be sold or transferred. We may adjust or remove points earned through misuse, such as fake referrals.","",""
"terms.s7.title","7. Acceptable use","",""
"terms.s7.p1","Do not misuse the app — for example by trying to access other people's accounts or data, disrupting the service, or copying or reverse-engineering it.","",""
"terms.s8.title","8. Changes and availability","",""
"terms.s8.p1","We may update the app and these terms. If we make important changes we will let you know in the app; continuing to use it means you accept the updated terms.","",""
"terms.s8.p2","We work to keep the app running but cannot promise it will always be available or error-free.","",""
"terms.s9.title","9. Limitation of liability","",""
"terms.s9.p1","To the extent allowed by law, the app is provided ""as is"", and we are not liable for indirect or consequential losses, or for any reaction to products or routines you choose to use.","",""
"terms.title","Terms of Service","",""
"terms.heading","MyFace AI Terms of Service","",""
"terms.updated","Last updated {{date}}","","Keep {{…}} placeholders unchanged"
"browStyles.fullArch","Full Arch","",""
"browStyles.natural","Natural Arch","",""
"browStyles.feathered","Feathered","",""
"browStyles.bold","Bold & Defined","",""
"browStyles.straight","Straight Soft","",""
"browStyles.high","High Arch","",""
"browStyles.soft","Soft Textured","",""
"tracker.next","Next","",""
"tracker.fullness","Fullness","",""
"tracker.usedToday","Used today","",""
"tracker.notUsedToday","not used today","",""
"tracker.usedTodayA11y","used today","",""
"tracker.tapToLog","Tap to log today","",""
"tracker.daysTotal_one","{{count}} day total","","Keep {{…}} placeholders unchanged"
"tracker.daysTotal_other","{{count}} days total","","Keep {{…}} placeholders unchanged"
"tracker.firstScan","FIRST SCAN","",""
"tracker.latest","LATEST","",""
"tracker.latestScan","LATEST SCAN","",""
"tracker.scanLog","Scan Log","",""
"tracker.scans_one","{{count}} scan","","Keep {{…}} placeholders unchanged"
"tracker.scans_other","{{count}} scans","","Keep {{…}} placeholders unchanged"
"tracker.startLog","Take a face scan to start your log.","",""
"tracker.aiBadge","AI","",""
"tracker.coachAnalysis","Coach Analysis","",""
"tracker.updated","UPDATED {{time}}","","Keep {{…}} placeholders unchanged"
"tracker.noScansYet","NO SCANS YET","",""
"tracker.weeklyPhotoA11y","Take this week's photo","",""
"tracker.weeklyPhoto","Take This Week's Photo","",""
"eyebrow.title","Eyebrow Tracker","",""
"eyebrow.goal","GOAL","",""
"eyebrow.editGoalA11y","Edit goal","",""
"eyebrow.editGoal","Edit Goal ✎","",""
"eyebrow.timeline","GROWTH TIMELINE","",""
"eyebrow.productRoutine","Product Routine","",""
"eyebrow.coachFirst","Take your first face scan and I will start tracking your brow fullness week by week.","",""
"eyebrow.coachBaseline","Your baseline fullness is {{score}}%. Scan again next week so we can measure your progress.","","Keep {{…}} placeholders unchanged"
"eyebrow.coachUp","Great work! Your fullness score went up {{change}}% since your last scan. Stay consistent with your nighttime serum.","","Keep {{…}} placeholders unchanged"
"eyebrow.coachDown","Your fullness dipped {{change}}% since your last scan. Avoid over-plucking and keep up your serum routine.","","Keep {{…}} placeholders unchanged"
"eyebrow.coachSteady","Your fullness is holding steady. Consistency is key — keep logging your serum every night.","",""
"eyelash.title","Eyelash Tracker","",""
"eyelash.noScan","Take a face scan to measure your lash length and density.","",""
"eyelash.lengthScore","Length Score","",""
"eyelash.densityScore","Density Score","",""
"eyelash.removalTitle","Safe Removal Notice","",""
"eyelash.removalText","Never pull or pluck extensions at home. Use a steam-oil method or visit a professional to prevent natural follicle damage.","",""
"eyelash.aftercare","Lash Extension Aftercare","",""
"eyelash.weeklyProgress","Weekly Progress","",""
"eyelash.viewHistoryA11y","View history","",""
"eyelash.viewHistory","View History","",""
"eyelash.addScanA11y","Add week 3 photo","",""
"eyelash.newScan","NEW SCAN","",""
"eyelash.takePhotoA11y","Take photo","",""
"eyelash.takePhoto","Take Photo","",""
"eyelash.tryStylesA11y","Try lash styles","",""
"eyelash.tryStyles","Try Lash Styles","",""
"undereye.minimal","MINIMAL","",""
"undereye.mild","MILD","",""
"undereye.moderate","MODERATE","",""
"undereye.visible","VISIBLE","",""
"undereye.mins5","5 MINS","",""
"undereye.mins3","3 MINS","",""
"undereye.daily","DAILY","",""
"undereye.pmOnly","PM ONLY","",""
"undereye.doneToday","DONE TODAY","",""
"undereye.title","Undereye Tracker","",""
"undereye.score","UNDEREYE SCORE","",""
"undereye.darkCircles","{{level}} DARK CIRCLES","","Keep {{…}} placeholders unchanged"
"undereye.scanToMeasure","SCAN TO MEASURE","",""
"undereye.weeklyProgress","Weekly Progress","",""
"undereye.startTracking","Take a face scan to start tracking.","",""
"undereye.latest","LATEST","",""
"undereye.depuffing","Depuffing Routine","",""
"undereye.lubricating","Lubricating Formula","",""
"undereye.strainTitle","Screen Time & Eye Strain","",""
"undereye.strainText","Long screen sessions worsen dark circles and puffiness. Turn on 20-20-20 reminders to rest your eyes.","",""
"undereye.reminders","20-20-20 Reminders","",""
"undereye.remindersSub","Every 20 mins, look 20ft away","",""
"undereye.guideA11y","Read the eye cream guide","",""
"undereye.guideTitle","The Eye Cream Guide","",""
"undereye.guideDesc","Learn how to correctly apply active ingredients like Retinol and Vitamin C to the delicate eye area without irritation.","",""
"undereye.readGuide","Read Full Guide","",""
"errorBoundary.title","Something went wrong","",""
"errorBoundary.text","This screen couldn't be shown. Tap Try Again, or go back and reopen it.","",""
